changed_signal,average_score_difference,average_absolute_difference,max_absolute_difference,min_score_difference,max_score_difference
name,0.007106572320000004,0.021593500880000005,0.08721071000000002,-0.04875337000000002,0.08721071000000002
pronoun,0.005439749800000002,0.006963304600000003,0.016790919999999987,-0.00812024,0.016790919999999987
university,-0.0009211275999999997,0.012346729999999998,0.08576063,-0.08576063,0.039752239999999994
